learning_rate,train_mse,validation_mse,diverged
0.0001,1.0825328762709356,0.8890503960050957,False
0.00012519219375276873,1.0786683896129312,0.8854612607986817,False
0.000156730853766308,1.07394007750873,0.8810634380655515,False
0.0001962147941174849,1.0682183709678545,0.8757074692338863,False
0.0002456456052231582,1.0613056815509654,0.8692023442551257,False
0.00030752912203613756,1.0530516894490083,0.8613544180799211,False
0.0003850024543056699,1.0433042809770396,0.8519709892876063,False
0.00048199301854726963,1.0318322118335712,0.8408056558343537,False
0.0006034176336545162,1.018263333496992,0.8276402810642427,False
0.0007554317730631349,1.002330288750783,0.8121711197480183,False
0.000945741609003176,0.983808871908037,0.7938974288145162,False
0.0011839946675438083,0.9622454144669437,0.7724033377616141,False
0.001482268898213896,0.936828531191742,0.7471212820053179,False
0.0018556849509889727,0.907088777394,0.7177474755281097,False
0.002323172699283086,0.8714977662044745,0.6839191430287501,False
0.0029084308668979077,0.8291973593655472,0.6454045207518618,False
0.0036411284060521598,0.7803863646127555,0.6036302305788375,False
0.004558408528891924,0.724595022869087,0.5610393664739071,False
0.005706771637533117,0.6640115154261658,0.5190961315245872,False
0.007144432605488512,0.6068531023914939,0.47930532879832866,False
0.008944271909999161,0.5576515800649028,0.44027291341639235,False
0.011197530219340628,0.5176794148284233,0.40598568723376205,False
0.014018433727721748,0.48971202311013035,0.38722836593751997,False
0.01754998471351289,0.473751812473955,0.3854615034163535,False
0.02197121086612237,0.46110666779162895,0.3867171602373189,False
0.02750624087734529,0.4502627998760676,0.39048453111552145,False
0.03443566637326942,0.4400979586807575,0.39598958709914994,False
0.04311076616608048,0.43080169861019485,0.40394933027151686,False
0.053971313906942535,0.4220565791370987,0.41106652968082674,False
0.06756787187729457,0.4110932112007107,0.4172270127262377,False
0.08458970107524516,0.39563143860834943,0.419579423643327,False
0.1058997024650089,0.3757461444031055,0.4273353276087008,False
0.13257816069359954,0.3604086190343228,0.4805379302493208,False
0.1659775078093882,0.36141010244326,0.46322117095113574,False
0.20779088316274633,0.36807167491221104,0.45927130781899256,False
0.26013796504969466,0.3956545733219208,0.598401742819258,False
0.32567242522952383,0.39387600297905134,0.6461404135502788,False
0.4077164535926863,0.4695431851932671,0.5955154841513834,False
0.5104291725436731,0.618887512326309,0.6295053076701773,False
0.6390174786615301,0.9999414563685537,0.8387042283475312,False
0.8,1.0000000000000004,0.8384484011346562,False
