epoch,surrogate_train,surrogate_validation,grid_search_train,grid_search_validation,lr_finder_train,lr_finder_validation
1,1.0878195587211006,0.8940042678367225,1.088953354517315,0.895043641532213,1.0879854355991792,0.8941563255203555
2,1.0775104120123329,0.8844740659268779,1.0796362834171493,0.8864309128683447,1.077820573289208,0.884759679538965
3,1.067829940427877,0.8754742590379345,1.0708363678346677,0.8782638905256206,1.068267559203611,0.875880268500078
4,1.0586955562171858,0.8669017749878837,1.0624997890275267,0.8704645670761676,1.0592460091026976,0.8674179927950092
5,1.0500662892048607,0.8586771482234483,1.054563516494283,0.8629490069598561,1.0507158628540305,0.8592960787215306
6,1.041909192120885,0.850828608172491,1.0470273079966246,0.8557343656046088,1.042652529404306,0.8515441052894449
7,1.0341339033024775,0.8432794331639031,1.0398234139284934,0.8487750849851458,1.0349634541126544,0.8440804600281693
8,1.0266578023582131,0.836003296674412,1.0329205651967588,0.8420651119817818,1.0275717921284437,0.8368893614674362
9,1.0194295621008154,0.8290135372296451,1.0262498634663373,0.835569802329049,1.0204240024603504,0.8299658461158664
10,1.012397840672188,0.8222279888573747,1.0197717477510213,0.8293074513973097,1.013469136378425,0.8232607962482922
11,1.0055817841796024,0.8156098070427741,1.0134539026229947,0.8232142760589414,1.006721946864099,0.8167174357247687
12,0.9990101747682755,0.8091699859540504,1.007306661298824,0.8172545020334633,1.000198239856296,0.8103318059398278
13,0.9926085359625028,0.8028658467653431,1.0013470411235015,0.8114260770338921,0.9938641769377756,0.8040977398072052
14,0.9863562490881707,0.7966702574570432,0.9955461812917413,0.8057246587689363,0.9876733082703782,0.7979707731461848
15,0.9802568691959715,0.7905943418769174,0.9898720290735675,0.8001227040167089,0.9816325596523164,0.791960313411909
16,0.9742859499975947,0.7846346276911058,0.9843149545573204,0.7946074462229891,0.975725359890443,0.7860666094399344
17,0.9684451233182415,0.7787891058970915,0.9788817373338266,0.7891928263279254,0.9699352280278726,0.7802677982173495
18,0.962712221307219,0.7730654928915242,0.9735473866284042,0.783867452852767,0.9642575965098641,0.7745899328732527
19,0.9570257825924616,0.7674127480492883,0.9683194373967449,0.7786345125927427,0.9586332595969703,0.7690038543677965
20,0.9514104711165509,0.7618245417166757,0.9631783494131618,0.7735004271413074,0.9530897259946972,0.7634832779108233
21,0.9458826654308101,0.7563098565171766,0.9580701079881014,0.7684257002502601,0.9476144488267584,0.7580294826342926
22,0.9404480210574617,0.7508866826941397,0.9530300469376379,0.7634084971608335,0.9422368234837134,0.7526696240931826
23,0.9351137065717021,0.7455586331664569,0.9480435137516734,0.758443170877718,0.9369419117838955,0.7473845064333579
24,0.9298234420103557,0.7403067659866742,0.9431402875424171,0.7535560448113262,0.9317159947702596,0.7421861804103388
25,0.9245835463966154,0.7351035976545865,0.9383065419682366,0.7487308272251925,0.9265337290328552,0.7370384254351748
26,0.9194276426285513,0.7299895503004705,0.9335368333412697,0.7439774101751566,0.9214354363443205,0.7319740533800152
27,0.9143436772271524,0.7249684413329132,0.9287935628865527,0.7392697814607527,0.9163999188241019,0.7269877152171803
28,0.909292439238589,0.7200035898369416,0.924105781447639,0.7346154053391148,0.9114122844404907,0.7220759934819864
29,0.9042716447129412,0.7150950199942454,0.9194864395641611,0.7300361579008433,0.9064579456094591,0.717218675415713
30,0.8993038396571365,0.7102620462208803,0.9149254898110489,0.7255292410797377,0.9015423672497345,0.7124248036146161
31,0.894369388244041,0.7054848008269724,0.910391099225886,0.7210699433382478,0.8966783287401979,0.7076933011613731
32,0.8894417126100985,0.7007647408808186,0.9058841652018526,0.7166569679812963,0.8918180634198387,0.7030194272089283
33,0.8845048544789079,0.6960905295429798,0.9014082827660169,0.7122956434639882,0.8869595664809035,0.6983870974945009
34,0.8795950952538875,0.6914754851477883,0.8969777719195622,0.7079868756895432,0.8821075216245237,0.6938189770452032
35,0.8747111495537264,0.6869105224344583,0.8925498173515877,0.7037253372714899,0.8772897040163915,0.6892945162731315
36,0.8698412707451494,0.6824227658696133,0.8881326577212892,0.699510914839081,0.8724882905750807,0.6848362968751225
37,0.8649933662503272,0.6779656351237299,0.8837078695767121,0.6953333611566473,0.8676972896094338,0.6804494669013406
38,0.8601685455781696,0.6735436088945459,0.8793130611594705,0.6911962068931345,0.8629378945884704,0.6760560264136237
39,0.8554352390951734,0.6691788569533436,0.8749337447500638,0.6871049994116807,0.8582125618434575,0.6717346232258076
40,0.850732837832358,0.6648542071078608,0.8705640831415211,0.6830721098524681,0.8535606446334428,0.6674592659811865
41,0.8460724457861335,0.660591211438894,0.866212619874374,0.6790786621632526,0.8489447484721162,0.6632238435712754
42,0.8414627950463472,0.6563846041056388,0.8618750127287124,0.6750947001475598,0.8443680999244743,0.6590484994497527
43,0.8368785818707424,0.6522390106324988,0.8575806985292661,0.6711682162442988,0.8398357543222262,0.6549263730667854
44,0.8323252335798681,0.6481530780724433,0.8533511152018974,0.6672643769457695,0.8353298083347797,0.6508626274166854
45,0.8277883777625913,0.6441187963005853,0.8491488270830007,0.6634091370124534,0.8308527114594059,0.6468587905818566
46,0.8232681432433705,0.6401332735855603,0.8449800156188387,0.6596058147113331,0.8263861975342731,0.6428954347252547
47,0.8187805701378281,0.6362193948203271,0.8408506283128211,0.6558441839955493,0.8219420745427652,0.638988261834169
48,0.814339327559544,0.6323844732727792,0.8367418312421874,0.6521326407577176,0.817537069704919,0.635160510706153
49,0.8099376117506617,0.6286047930078734,0.8326579812979215,0.6484674225825469,0.8131773499498389,0.6314022809366601
50,0.8055837222450846,0.6248186696325185,0.8285863491400353,0.6448436737223162,0.808858131868921,0.6276790008108959
51,0.8012887750996986,0.621104649063143,0.8245234057016849,0.6412561148819881,0.8045945084250126,0.6239483278876803
52,0.7970322030248631,0.6174790279134444,0.8204869848409527,0.6377221470578461,0.8003732509122099,0.6203092106373198
53,0.7928050150248955,0.6138848436915705,0.8164830630161763,0.6342507948247057,0.7961864864271719,0.616751783624609
54,0.7886054977824798,0.6103538190843483,0.8125208174345775,0.6308389665508984,0.7920290249441378,0.613224160160253
55,0.7844243261844317,0.6068861832173497,0.8085925641319187,0.6274500812266076,0.7878974066558108,0.6097588101780017
56,0.7802675816756591,0.6034832158664466,0.8047111649880977,0.6240546118174268,0.7837841090492473,0.6063543762021936
57,0.7761149174378948,0.6001241886252169,0.800867100073461,0.6207403426952243,0.7796904966604806,0.6030115606967529
58,0.7719773621127464,0.596788636635658,0.7970513730755304,0.6174920231627667,0.7755808221049271,0.5996710664740963
59,0.767887836363825,0.5935547199163522,0.7932597915803552,0.6142661356908213,0.7715114208679204,0.5964020211748549
60,0.7638398868552639,0.5903784174784447,0.7894911308444433,0.6110917451037609,0.767487658774655,0.5932248786970763
61,0.7598251233468852,0.5872463284492512,0.7857353625478999,0.6079669709811453,0.7635050784091777,0.5901029918085063
62,0.7558275104536313,0.5841651681646178,0.7820016750269289,0.6048952663175395,0.7595527319626991,0.5870242224909878
63,0.7518588363904206,0.5811348405694459,0.7782740953561444,0.6018691347239299,0.7556139839252857,0.5839800294732044
64,0.7479236011300704,0.5781683562403825,0.7745416592536176,0.5988351377094957,0.7517078013127462,0.580999665175398
65,0.7440220822116026,0.575261522839765,0.7708455679220552,0.5958802176853365,0.7478341739418461,0.5780809405264418
66,0.7401487405864811,0.5724024516282769,0.7671855858781279,0.5929921241578208,0.7439941208252109,0.575221277390316
67,0.7362991354828812,0.5695562648053628,0.7635617070520103,0.5901503416813358,0.7401786073046099,0.5723973579819902
68,0.7324809003614132,0.5667622433065356,0.7599622611966891,0.5873430152361155,0.7363882946941637,0.5695950600347978
69,0.7286986690219618,0.5640325773083943,0.756374656985236,0.5845750175778578,0.7326283278327277,0.5668420132669595
70,0.724955880226729,0.5613553056846748,0.752810824008364,0.5818466834880933,0.7289025974017127,0.5641518405708964
71,0.7212300645349229,0.5586868136517072,0.7492734026291787,0.5791699896353186,0.7252155914279158,0.5615171600837066
72,0.7175446373509478,0.5560641593758007,0.7457641346987901,0.5765432036125145,0.7215474687193479,0.5588906834421299
73,0.7138963851223825,0.553486349191438,0.7422787207235833,0.5739633158860508,0.7179177461042537,0.5563045197369015
74,0.7102940039563216,0.5509218874197849,0.7388104040073861,0.5713909014923733,0.7143172830642044,0.5537605213243476
75,0.7067232329938494,0.5484004532225573,0.735359848606158,0.5688507211405299,0.7107665466567163,0.5512318625240683
76,0.7031765080467893,0.5459134606134581,0.731942856687657,0.5663547609036975,0.7072441056188088,0.5487446905387829
77,0.6996046793569397,0.543440473875106,0.7285518874773339,0.5639101446820944,0.7037512658823118,0.5462912152842166
78,0.6960691679791399,0.5410107760373845,0.725196152747514,0.5615105192800194,0.7002278543663704,0.543847953719842
79,0.692567506985361,0.5386272600166518,0.7218551221621394,0.5591150989878861,0.6967403549695523,0.5414474706755813
80,0.6891053712033525,0.5362818821666,0.7185459880828736,0.5567532985652499,0.6932852620861293,0.5390925571315995
81,0.6856863815077444,0.5339793627824829,0.7152593939544193,0.5544261632979665,0.6898659386067838,0.5367731845948239
82,0.6823125381836548,0.5317168002660195,0.7120169117728887,0.5521128581754379,0.6864897524045267,0.5344962592721196
83,0.6790029428693478,0.5295046401077167,0.708802977463648,0.549836367118105,0.6831531243659966,0.5322620186636187
84,0.6757602064814988,0.5272874958379125,0.7056123447683248,0.5475835724054492,0.6798777168726866,0.5300701113499734
85,0.672557276705427,0.5250935066658831,0.7024294296003537,0.5453622717112417,0.6766601538436352,0.5279048404417651
86,0.6693965305479432,0.5229268518810762,0.6992328627207188,0.543149088349842,0.6734935771831945,0.5257360382589495
87,0.6662939995151155,0.5208089916440493,0.6960652046149374,0.5409728018180782,0.6703693555367971,0.5235935361703621
88,0.6632449774653513,0.5187402383394039,0.6929238216388353,0.5388349332309267,0.6672935096582072,0.5214940475991613
89,0.6602468694708922,0.5167328146767728,0.6898134205004857,0.5367254603692809,0.6642771052443605,0.5194407166287682
90,0.6572837616786932,0.5147555316340594,0.6867386542428409,0.5346511254839554,0.6613079927820573,0.5174516598488097
91,0.6543550218525436,0.512804589312581,0.6836981045970373,0.5326098747047778,0.658378295784213,0.5154945922150488
92,0.6514679228024388,0.5108688505092396,0.6807024119066409,0.5306000821009524,0.655481547206374,0.5135640323762298
93,0.6486167588968652,0.5089958177178356,0.6777601622110991,0.5286222685934375,0.65262330258211,0.5116504966034368
94,0.6458057372009991,0.5071183973308986,0.6748610116311711,0.5266383801071008,0.6497988811046477,0.5097934816368093
95,0.6430344866355437,0.5052369134121145,0.6719976760072739,0.5246760136150034,0.6470134359105871,0.5079329724866015
96,0.6402911205246336,0.5033718429111611,0.6691753537833945,0.5227406916381186,0.6442712810733919,0.5060979763929473
97,0.6376002182358521,0.5015301999448768,0.6663942904581379,0.5208424180129769,0.6415553372657197,0.5042565943382685
98,0.6349607639623367,0.4997106783800911,0.6636583842522081,0.5189818212639703,0.6388802591425521,0.5024329072486478
99,0.6323625866235765,0.4979197920845579,0.6609616395187626,0.5171765061841584,0.6362612511877771,0.500627420562869
100,0.6298206101631973,0.4961386431343332,0.6582955153524097,0.5153949347795616,0.6336822275724586,0.498848541788941
101,0.6273397842703651,0.4943638098938593,0.655657784589608,0.5136366913411505,0.6311498941707783,0.49709477190999857
102,0.6248716195826679,0.49260692297517306,0.653052342500476,0.5118954607949843,0.6286934238363248,0.49533718835702345
103,0.6224250452505318,0.4908494262717957,0.65047418307297,0.5101997800881231,0.6262578989949473,0.49359947779440394
104,0.620022415012334,0.48911255286868927,0.6479290340194445,0.5084992234970114,0.6238278244635166,0.49186340934113454
105,0.6176560399360781,0.48740522737891123,0.6454160944294456,0.5068431351782574,0.6214358695569799,0.49013753028043605
106,0.6153204631020968,0.4857020307182799,0.6429341373559219,0.5051572655768783,0.6190847920528955,0.4884372098152099
107,0.6130376326622066,0.4840364540562954,0.6404745045623351,0.5034844593533002,0.6167677767339166,0.4867590445150505
108,0.610785607559221,0.48237641582852714,0.6380571892942728,0.5018306393216677,0.614489137621818,0.4850969499873592
109,0.6085695890891005,0.48073505565528957,0.6356823106341077,0.5001937988903417,0.6122493390281945,0.4834582113442612
110,0.6063910939823242,0.47911194795841355,0.6333430299139469,0.4985813363089184,0.6100433053135155,0.48182681048883247
111,0.6042394051321244,0.4775001357284325,0.6310366703272462,0.4969873599798034,0.6078714436021748,0.4802130192427758
112,0.6021203327588198,0.4759013270946196,0.6288004162136791,0.495387205924748,0.6057305723921388,0.47861425446562433
113,0.6000278256962126,0.4743258108445178,0.6265828832189422,0.4938040158160255,0.6036213559349638,0.47703482931212904
114,0.5979649333225798,0.472765093200414,0.6243622950504204,0.492204194474224,0.6015428209889253,0.4754652363639426
115,0.5959366725312402,0.4712118271557389,0.6221714393361193,0.49062142216563065,0.5994884298225174,0.4739144347046484
116,0.593935587941102,0.46967543763403585,0.6200191744501747,0.48906761877726634,0.5974656107334929,0.47238335133442266
117,0.591947472953026,0.4681269322872143,0.6178971546268748,0.48753752998047484,0.5954767080187344,0.4708524310323861
118,0.5899927471784161,0.4665915226129746,0.615796734170912,0.4860116008741189,0.5935149746260479,0.46934213547209014
119,0.588079813644517,0.4650852298470829,0.6137370097149604,0.48450705664369814,0.5915643281287102,0.46782118308308046
120,0.5861985661014694,0.4635943749011871,0.6117070726291117,0.483015855886334,0.5896475637687951,0.4663149437812066
121,0.5843515215402884,0.46212738878573945,0.6097049624592835,0.4815347917720023,0.5877691445714904,0.4648346325621089
122,0.5825158160261225,0.4606468119214166,0.6077333019118432,0.48006856757183974,0.5859247241038203,0.4633690361968377
123,0.5807076085075191,0.4591831384478986,0.6057855050501798,0.4786173719669324,0.5841095058968558,0.4619272606772693
124,0.5789268244822021,0.45773339763883786,0.6038631662098461,0.47717678202021574,0.5823052974523971,0.46047109699042754
125,0.5771752766536156,0.4563008593754273,0.6019667876475665,0.47574674306126097,0.5805276305381132,0.4590299775094517
126,0.5754519418208784,0.45488640384052387,0.6000920522792865,0.47433310042745286,0.5787769126226583,0.4576029643578147
127,0.5737537381680398,0.45352693971731295,0.5982409844666984,0.47293672663499003,0.5770550028791139,0.456195913898948
128,0.5720814379127083,0.4521987661200097,0.5964169170751464,0.47154223902593995,0.575359860555772,0.454804351765209
129,0.5704319497577387,0.4508793046491143,0.5946194076792655,0.4701595989602077,0.5736890060628304,0.45345394573821235
130,0.5688044666928332,0.449577653072431,0.5928264494863698,0.4687694809918768,0.5720443376538704,0.4521482837064373
131,0.5671965246021534,0.4482713585197355,0.5910604619876371,0.4673879213860291,0.570420516997647,0.4508496815761542
132,0.5656211824031732,0.4469727644206155,0.5893229376291022,0.46602124243369475,0.5688174146066334,0.4495672435709381
133,0.5640713794522214,0.44569012444072903,0.5876167326721511,0.46467622687089627,0.5672309307498823,0.4482938589608681
134,0.5625614294759724,0.44444635153301293,0.5859401988367452,0.4633412522168359,0.5656796378660692,0.4470132570939206
135,0.5610704493310408,0.44320861534315437,0.5842868184307931,0.4620300139631304,0.5641533107713359,0.44575070627455327
136,0.5595987630137998,0.4419880608644487,0.5826415856475576,0.46070691895736215,0.5626654324711919,0.444524245978845
137,0.5581427480916898,0.4407705917231394,0.5810188620956281,0.4593931702762563,0.5611958053679759,0.4433057516016995
138,0.5567067888766019,0.4395680554621078,0.5794172070457758,0.4580902457397198,0.5597461323386044,0.4421027200121507
139,0.5552880566686724,0.43837032164050677,0.577839996947765,0.45680169134065396,0.5583105197103665,0.44090316217057746
140,0.553887569890753,0.43718794326756133,0.576285515247113,0.4555318550810451,0.5568944343452387,0.4397178513247631
141,0.5525148551238639,0.43603836824616116,0.5747519696003516,0.45426755840668437,0.555494477475706,0.4385283262258004
142,0.5511621987596954,0.43490597482302107,0.5732389792686222,0.45306592493614,0.5541133006075174,0.4373632212543944
143,0.5498153895313124,0.4337993200473665,0.5717473566481319,0.4518763556802282,0.5527575254228112,0.43622661675682356
144,0.5484711306830801,0.43267862731351797,0.5702732072723461,0.4506989636819972,0.5514225711768768,0.43510927321658793
145,0.547146629680918,0.43155388884922297,0.5688160042845946,0.44953375798378303,0.550092517340651,0.4340083741471145
146,0.5458421070744716,0.4304453832305854,0.5673694873005659,0.4483727847364133,0.5487646466310346,0.43290246903499696
147,0.5445658743886856,0.42937184944251794,0.5659547106431865,0.4472053236767819,0.5474557089239597,0.43179594081738065
148,0.543303687622189,0.4283135366263891,0.5645580450068939,0.4460524828074792,0.5461658379864498,0.4307009354533953
149,0.5420589733447182,0.4272651225410558,0.5631885446293495,0.44490680673482724,0.544901046598845,0.42962376521315315
150,0.5408333063850334,0.4262160571991558,0.5618459100405372,0.44379985286015605,0.5436569579964575,0.4285827612445658
151,0.5396261195939299,0.4251620367397067,0.5605178323831215,0.44269790337031795,0.5424263088574184,0.42754909860162615
152,0.5384320144442678,0.424109760282725,0.5592011470825989,0.44160014952741483,0.5412143135561284,0.42652654439619125
153,0.5372556419220035,0.4230773154499891,0.5579011133010148,0.44051372822291773,0.5400203632939937,0.425488117086886
154,0.5360972817072457,0.42205980413414357,0.5566171935148722,0.43943593145184295,0.5388399476172903,0.4244497508232132
155,0.5349426234498823,0.42104736180488,0.5553458330114661,0.4383612803099171,0.5376766997455221,0.4234273567065666
156,0.5338047916062479,0.4200471208657985,0.5540895300064879,0.4373031130877055,0.5365278056333271,0.4224187417871453
157,0.5326843097837947,0.41906474355845597,0.552854758970143,0.43626805420121584,0.5353955827861689,0.42143226793645017
158,0.5315713984740493,0.41808812901236797,0.5516385277016503,0.43524997418777334,0.5342687705758795,0.42044054768504185
159,0.5304714150800183,0.41712037444321465,0.5504270604526622,0.43424422998433615,0.5331598781844021,0.41946682172616834
160,0.5293943944507208,0.41616868749937325,0.5492198758518204,0.433252207900345,0.5320642352685356,0.4185120438546777
161,0.5283338417388859,0.41523829350516067,0.5480225436928671,0.43224966156933203,0.5309716855751062,0.41754730842781673
162,0.5272896605787039,0.41432585620650103,0.546840580129685,0.4312471486308616,0.5299000237170796,0.41661047419911396
163,0.5262619250837779,0.4134338260760147,0.545675592573436,0.43025779833521793,0.5288485549535246,0.41568207823831466
164,0.5252388923471611,0.4125229241600346,0.5445339248577854,0.4293004525365687,0.527812795212644,0.4147749102666462
165,0.524235537683088,0.41163139350093475,0.5434030623206009,0.4283524085353833,0.526791754804964,0.41388538339943026
166,0.5232151112831044,0.4107255546602482,0.5422862782556903,0.4274147394027447,0.5257777658437144,0.41298386379752144
167,0.5222141146359361,0.40984920708489003,0.5411849966388569,0.42648549143472625,0.5247816218661747,0.41209927403628976
168,0.5212324136799114,0.40899506269859076,0.5400989373769643,0.4255404916063491,0.5237953643547529,0.4112343811690265
169,0.5202638527668999,0.4081723368337226,0.5390233304120864,0.4245940643119743,0.5227991301435291,0.4103541078102157
170,0.5193079559518805,0.40736013147032574,0.537961187012349,0.4236597235641939,0.5218194453112617,0.40949948952649423
171,0.5183729999027314,0.4065684132723115,0.5369129444281944,0.42274148150622937,0.5208589196736388,0.4086839640364686
172,0.5174541173728114,0.4057921738387765,0.5358795259906179,0.4218361279838997,0.5199106369481471,0.40787908705480186
173,0.5165449743779869,0.4050206213480505,0.5348467902841642,0.42093177569039025,0.51897980051026,0.4070867395292556
174,0.5156472854434478,0.4042677089573398,0.5338275615477297,0.42003723225234973,0.5180657852833084,0.4063120865349642
175,0.5147579246223561,0.4035316606425128,0.5328233179368246,0.4191579080020378,0.5171669639141131,0.4055465393149957
176,0.5138759707757812,0.40278832458750213,0.5318234870698219,0.41828157292229573,0.5162763402293664,0.40479173108994554
177,0.5130058872774478,0.40205918611743763,0.5308322068561999,0.4174092480321593,0.5153916126800515,0.4040491062197946
178,0.5121493795498532,0.40134826289820413,0.5298618666637085,0.4165510963594761,0.5145136541699757,0.40331162645941837
179,0.5113087952562884,0.40065692667370123,0.528904999050598,0.4157106235523754,0.5136468761566318,0.402579334769937
180,0.510482717345944,0.4000026326231154,0.5279611250887545,0.41488437811775986,0.5127934769930222,0.401865470939373
181,0.5096758319988339,0.39936524600533546,0.5270310383500376,0.41407285439034786,0.5119546199380061,0.4011696576764334
182,0.5088862268938148,0.39875018003273355,0.526109507020265,0.4132631279510507,0.5111303058900203,0.40049766591519476
183,0.5081101565625169,0.3981510830808436,0.5251949441540456,0.41245032661920855,0.5103153078306613,0.3998512439692523
184,0.5073460565510665,0.3975661132834934,0.524294670698174,0.411652731869181,0.5095255753894198,0.39922814539615153
185,0.5065962609655016,0.396997926264513,0.5233787635586191,0.410840909226369,0.5087508163530131,0.39862552941633517
186,0.505860604321344,0.39643782238855213,0.5224783274654196,0.4100484444822188,0.5079891322190446,0.3980388673349997
187,0.5051360312967886,0.39590247193138,0.5215922668209833,0.4092782268044427,0.5072389215057403,0.39746533837789044
188,0.5044243466302036,0.3954052668223149,0.5207215869151183,0.4085401896221759,0.506502389125512,0.396908460218062
189,0.503727916798562,0.3949211116169267,0.5198595172849658,0.40781636247723774,0.5057798176611623,0.3963590272238553
190,0.5030486040164444,0.3944513568554262,0.5190127684452988,0.40709657815048705,0.5050687853836516,0.3958327908575178
191,0.5023868790964732,0.39400747346877313,0.518179991904154,0.4063913967126801,0.5043689990734234,0.395336989632797
192,0.5017357936185394,0.39356848478511774,0.5173604570120643,0.40569443242918785,0.5036836728558634,0.3948618259461392
193,0.5010885262219398,0.393155248335384,0.5165470887506088,0.405004436572409,0.503014420455825,0.3943983263459572
194,0.5004604354259812,0.39276709452147024,0.515743987858055,0.4043292946483526,0.5023606955071508,0.39395516760960914
195,0.49985162553149814,0.39239948722653734,0.5149434797104785,0.40367048316981863,0.5017189887934972,0.3935233663246747
196,0.49925478996096684,0.3920468456064585,0.514151357405227,0.40300383009074897,0.5010836791356504,0.3931170474731452
197,0.49867452809151813,0.3917068458692246,0.5133682274095099,0.40234497538619196,0.5004649828585023,0.39273309778623583
198,0.49810533856384204,0.3913730062464162,0.5125946272546489,0.4016999595871527,0.49986528470719793,0.3923713046356026
199,0.49755075433858176,0.39105884577587247,0.5118330358265205,0.4010696611729934,0.4992778230294207,0.39202411290135375
200,0.49700381844420416,0.39075758171361835,0.5110843889134505,0.40046083672567523,0.4987059025260902,0.39168898091464405
201,0.49646681477646254,0.3904660670956269,0.5103444083429531,0.39987361210075967,0.49814470675615874,0.39136004827956905
202,0.49594058424863713,0.39017483641694195,0.5096247924545558,0.3993057763034046,0.4975981044149115,0.39105033987262455
203,0.4954160252194432,0.38989156360847627,0.5089163571122902,0.39875092694625713,0.49705879277514387,0.3907527900746703
204,0.49489369356524704,0.3896069864316546,0.5082202175939671,0.39821414588170634,0.496527599639382,0.39046502962965357
205,0.49438248749383795,0.38933701104231455,0.5075331960280931,0.3976879793580801,0.4960067192358417,0.3901886507986498
206,0.4938749101535465,0.3890869369574407,0.5068577196280727,0.3971755447967743,0.49548811639700946,0.38990784209901125
207,0.4933708128661056,0.3888390587610102,0.5061928792528865,0.39667447449589266,0.4949725953830846,0.38962639296077084
208,0.49287468263700207,0.3885998340323859,0.5055388789197257,0.3961857634539972,0.4944677603853179,0.3893581298929364
209,0.49238668430010013,0.38837147109514975,0.5048945532681842,0.3957206442174671,0.493970687726578,0.38910160363874624
210,0.49190627830187217,0.388152503888972,0.5042605810505778,0.3952791127225693,0.4934724369347448,0.3888546981684084
211,0.49143335928686566,0.38794370737152717,0.5036393846481608,0.3948411441284003,0.4929824034776881,0.3886172845512899
212,0.4909674792732258,0.3877297133593212,0.503030637399723,0.39442533139207514,0.49250031975065517,0.38838979628311465
213,0.49051174733719366,0.3875428422024847,0.5024360008583604,0.39402278054467565,0.4920253877426255,0.38817094796387397
214,0.49006541804338033,0.3873705626488206,0.5018504403018638,0.3936288580579328,0.4915584684412648,0.3879624761148591
215,0.4896281373002576,0.38720156558373126,0.50126925175806,0.3932525706453523,0.4910970230187985,0.38776285805553085
216,0.48919111264839016,0.38703420619127926,0.5007015994071605,0.39289212086840203,0.49064582120233363,0.38757529095152216
217,0.4887617732061554,0.38687559922481246,0.500148738515632,0.3925630366767346,0.4902033498107113,0.3874021263175115
218,0.4883415112969897,0.3867281383594617,0.4996080693016938,0.39223693266392334,0.48977060987064747,0.38723297913392374
219,0.48792800199755815,0.38657379024257316,0.4990818657760865,0.3919238365275614,0.4893378055438854,0.387065396339859
220,0.48751502496331617,0.38644322257337926,0.4985643287293446,0.3916199165191743,0.4889123895671916,0.386906462489866
221,0.487118270801494,0.3863107037065155,0.49805617115034534,0.3913227191910879,0.4884935787286352,0.3867559014707336
222,0.4867295014396638,0.38619948304113433,0.49755963230839256,0.39104402926830273,0.4880766854349141,0.3866140570351548
223,0.48635272709131583,0.38611043690631003,0.49706901301269824,0.3907726780946243,0.48766711069275204,0.38646949395721575
224,0.48598226042663045,0.38602448879712603,0.49658624203941726,0.3905095589822975,0.48727265955429944,0.3863478216337729
225,0.485618426819271,0.3859599302716673,0.49611133113056505,0.39025670252010797,0.4868869423364588,0.3862358630422277
226,0.4852645527257622,0.38588461479083375,0.4956401927539649,0.38999954861449776,0.48651086708683405,0.38614459110478794
227,0.4849152435249429,0.3858152941552588,0.49516781208776317,0.38974034864584556,0.48614513766152684,0.38605048023906235
228,0.48457451048046885,0.38575778242367703,0.4947044726555803,0.38948945391296574,0.485783261455403,0.3859835302428202
229,0.4842411619353064,0.3856884815661178,0.49424876083083885,0.3892509904889564,0.4854296904835169,0.3859077272654502
230,0.48391141896636486,0.385639454673282,0.49379484839249366,0.38902540076661435,0.4850833578032158,0.3858377240306349
231,0.4835880669842817,0.3855952162289297,0.49334425484210703,0.3888044004750368,0.48474361269174854,0.385779529155924
232,0.4832708277404395,0.38553930991130586,0.4929003764542289,0.388589847741181,0.48441162733220766,0.38572364607545745
233,0.4829561243325792,0.38550290318846936,0.49246285883588414,0.3883843684789213,0.4840848464193267,0.3856566256365736
234,0.48264245688821056,0.38545525097009947,0.49203114898429634,0.3881860459419248,0.48376260666073423,0.3856098812819584
235,0.4823418396762349,0.3853959147343085,0.49160591337448284,0.3879962958010641,0.48344750053006313,0.38556735523431396
236,0.48204939320305584,0.3853628825659818,0.4911853030907291,0.38780900577811034,0.483133134777077,0.3854977006058158
237,0.481762752419262,0.38533587330081037,0.4907732720741677,0.38763669740689893,0.4828210795752089,0.38544928950369406
238,0.48148203011193524,0.3853110607797199,0.4903680605311505,0.3874744549293729,0.48251783491038236,0.38540602566454957
239,0.48120390239616584,0.38528221964324705,0.48997117035121757,0.38732234602392046,0.4822286871958577,0.3853561777075229
240,0.4809293521235666,0.38527204891904243,0.4895789240286332,0.38717336433378025,0.48194346654964254,0.38531476059512537
241,0.48065930196885426,0.3852612013328178,0.4891877492651766,0.387023953744495,0.4816640510729471,0.38529207307100916
242,0.48039321243935157,0.3852532589507931,0.48880265060812467,0.38688170655142246,0.4813905061283908,0.3852546728683545
243,0.48012449461436,0.3852439088009627,0.48841686197386486,0.3867489103923632,0.4811175416054333,0.385245562635109
244,0.4798607936988883,0.38525330299441146,0.4880365560544508,0.3866081726960791,0.4808486646850989,0.38523813644871263
245,0.4795985580132773,0.3852405508645716,0.48766653204119376,0.3864866429697954,0.48058484959538195,0.38523262386324475
246,0.4793358274375167,0.38522376898709393,0.48730803657746613,0.38637853004033745,0.48032275800614893,0.3852123690723441
247,0.47907312777688904,0.38520895061429505,0.48695529364837464,0.3862863177096269,0.48005813825310883,0.38522400815270635
248,0.47880539640300873,0.3852121389932233,0.4866116454406905,0.38618663965307726,0.4797982560546423,0.3852365034257897
249,0.47853847944892,0.3851975509804765,0.48627287021046556,0.386105967048905,0.4795359396440149,0.38523076022294706
250,0.47827530282912933,0.385200775859404,0.48594299420597,0.3860419641828759,0.4792769734214613,0.3852171608427182
251,0.47801873578707144,0.38520063385106107,0.48561840040842214,0.38595719905697995,0.4790117537004526,0.38522307164280134
252,0.47776674077172154,0.38520073201489746,0.4852985052673804,0.3859022876160987,0.47874852783718985,0.38521056031635414
253,0.4775140105230052,0.3851977077794146,0.48498693245081115,0.3858517448873835,0.47848648266187205,0.38521234217122846
254,0.47726852710714524,0.3852048003174665,0.48467904185598626,0.3857871997502866,0.47822970672974424,0.3852120762849203
255,0.47702427666303293,0.3852150245098619,0.4843772303109597,0.38573630170345824,0.4779775719083518,0.38521367595932443
256,0.47677911202941287,0.385230383113258,0.48408160497596286,0.38567514158770055,0.47772926242859654,0.38521428862751056
257,0.47653727687014247,0.3852463624022662,0.48378832978208364,0.3856321700763042,0.47748150162153286,0.38521236433822287
258,0.47629831755591817,0.385263726688086,0.48350068742705965,0.3855884486110294,0.47723834071842036,0.3852204150337246
259,0.47606238776794235,0.3852812931340922,0.48321505751405963,0.38553945544644197,0.47699380543541214,0.38523153229278756
260,0.4758257693330776,0.3852902522256722,0.48292997265233867,0.38546706849489176,0.47675275854527277,0.3852445303053209
261,0.4755918387322414,0.38529769224090815,0.4826491720325104,0.3854264249837894,0.47651489763095345,0.38525887396359
262,0.475360302465434,0.3853053540362374,0.48237788130550796,0.3853751960792691,0.4762797104522698,0.38527399824565495
263,0.47513106058721966,0.3853109356967238,0.48211584496637616,0.38534711513788106,0.4760476448795885,0.38529175720272313
264,0.4748975631727011,0.3853321654604135,0.48185919025811047,0.38532392011517747,0.47581410620720677,0.3853007270691756
265,0.47466574282791507,0.3853485404862998,0.48160752004624846,0.385303371713707,0.47557836059239217,0.3853220738870212
266,0.47443809000945814,0.385365709708828,0.48136052598580514,0.38526971222510265,0.47534542432082516,0.385344302496787
267,0.47421011709805744,0.3853779136859696,0.4811152992340796,0.3852529907718552,0.4751152947086333,0.385364812639877
268,0.4739812332993151,0.38538861257001145,0.48087042866011515,0.3852462963467628,0.4748879164606693,0.3853862787521168
269,0.4737545151621369,0.385384796549638,0.48062997878186636,0.3852413088479292,0.47466301358294977,0.385401940693476
270,0.4735281242827575,0.38538156599315837,0.48039205119823564,0.3852227441914728,0.47443877455300776,0.3854192089247474
271,0.4732995552429628,0.38538240900271925,0.4801501262403376,0.3852326896093351,0.4742136142128439,0.38543070066963175
272,0.4730727958478598,0.3853868802740964,0.4799123661583382,0.3852440121452606,0.4739843359468953,0.385432812596526
273,0.47285062057972993,0.3853927188833287,0.4796756496006146,0.3852471395844484,0.47375741942637417,0.385433311235325
274,0.47263178549110674,0.38539815126043575,0.47943904015375377,0.3852424468563301,0.47353058242745805,0.3854332447983524
275,0.47241423883959893,0.38540264004674024,0.4792033472919727,0.38521368447486604,0.4733051129279026,0.38543107806451965
276,0.4721996137115813,0.3854064494650867,0.4789617319003993,0.38521755600216195,0.4730829330380924,0.38543277849728386
277,0.4719871967259477,0.38541271196642884,0.47872259506029435,0.38522251193359885,0.4728645345338113,0.3854355201120316
278,0.4717765449492785,0.38540831206461923,0.4784842114286071,0.385225553761518,0.4726494973497516,0.3854395309628286
279,0.47156712506954573,0.38540399231512257,0.47825066722320886,0.38522574203111526,0.4724342477710951,0.38544203716298464
280,0.4713580083510882,0.3853988317486523,0.4780206941989897,0.3852281815555214,0.47222223854162015,0.38544479274327254
281,0.47115040996517127,0.38539329232157993,0.47779425196617126,0.38522781084782237,0.47201264103089235,0.3854360661084631
282,0.4709459900219266,0.385386388273474,0.4775708617987642,0.38522979333808366,0.47180472007236757,0.3854278549937071
283,0.4707433801374418,0.38537848120318063,0.4773498118536409,0.3852365600791355,0.4715990840735423,0.38542111516373906
284,0.47054435329564315,0.3853729727593193,0.4771261642051321,0.38524711959326363,0.47139494070091187,0.38541573896741793
285,0.4703442758254084,0.3853671751292115,0.476905161380024,0.385258307457371,0.47119264984202425,0.38540718948371233
286,0.47014123246705763,0.38536776777512,0.4766871335184842,0.3852707250220649,0.4709911443875078,0.3853998365364017
287,0.4699403804265981,0.38536787742801654,0.4764716332823457,0.3852839152366396,0.47078901495612097,0.3853929788836246
288,0.46974087491837707,0.38537114012352996,0.47625812977319454,0.3852995456900977,0.47058554589015944,0.3853934736474954
289,0.46953449750536425,0.38536872624477103,0.4760464688813018,0.38531622297845086,0.47038466371551685,0.3853959713442828
290,0.4693259669978274,0.3853678485383013,0.4758342181186107,0.3853236289860167,0.47018542213159775,0.3853961887581854
291,0.4691192132706107,0.38539565846698376,0.4756198374659545,0.38534489242498077,0.46998727896863196,0.3853937720748483
292,0.46891343046074796,0.3854221329901278,0.47540726786485743,0.3853654954088106,0.46979005099815935,0.3853923090048517
293,0.4687091515770742,0.3854481587046677,0.47519719695301116,0.38538367657459227,0.46958786872610525,0.3854002685960975
294,0.4685072888237948,0.38547723006976786,0.47498960518208705,0.3854027169089095,0.4693820673002812,0.38539900182499465
295,0.4683083491467983,0.38550281753237275,0.4747840755286146,0.3854200667094746,0.4691781581762449,0.385412905557328
296,0.46810778236558825,0.3855285072435633,0.47457955789323564,0.3854342069837897,0.4689747856282002,0.38543596732179825
297,0.4679087349394888,0.385553743116552,0.47437320726227405,0.385443611222556,0.46877293951824606,0.38545836401977435
298,0.4677102042461337,0.3855808096861465,0.47416638046936926,0.3854592895167557,0.468572952725261,0.38548102606951656
299,0.4675147427297773,0.3856041317068838,0.4739582623981537,0.3854618330805414,0.46837699579351366,0.38550189620888137
300,0.4673177043601425,0.3856264589224153,0.473751812473955,0.3854615034163535,0.4681788891339431,0.38552626317941474
301,0.4671186487265573,0.3856498725818551,0.47354531042287873,0.3854609596237965,0.46798249815232756,0.38555059423312765
302,0.4669217223618145,0.3856741121075267,0.473339988448715,0.38545824182405236,0.46778714938809735,0.3855759050598705
303,0.46672559705501254,0.3856984161277413,0.47313729380805103,0.3854594951210585,0.46759144567129074,0.38559874214286544
304,0.46653052324811795,0.38572282695117427,0.4729366037374749,0.3854611591788203,0.46739566366689056,0.38562127689655534
305,0.46633796298412683,0.3857483177181733,0.4727402464267746,0.38546412895877685,0.4671997691451807,0.385644327445418
306,0.4661510740903884,0.38577091948297915,0.4725451158416851,0.3854668784485781,0.46700488398177037,0.38566740908346736
307,0.465967461408203,0.3857888502469392,0.47235012103188884,0.385469159381809,0.46681149551902895,0.3856906805626682
308,0.46578511450508303,0.38581107726009745,0.4721581596304862,0.38546596353069873,0.4666190442894042,0.3857133904212982
309,0.46560272912479245,0.38583821024812875,0.47196755342911567,0.38545806241426844,0.4664300723285451,0.38573403216199337
310,0.4654213858784033,0.3858643394687615,0.47177883130323356,0.3854511491107058,0.46624603801532016,0.38575578154167195
311,0.46524084745584543,0.38589163118311376,0.4715918539891183,0.3854443042481956,0.4660647274932034,0.3857773276470067
312,0.4650608773065201,0.3859085222079961,0.47140651358192087,0.38543432215098733,0.4658849652767489,0.38580011185385155
313,0.46488291194860015,0.38592690593181234,0.4712223943964802,0.3854274732499343,0.46570652599547535,0.38582394210877535
314,0.46470637951476174,0.38594457491511613,0.47103877277147743,0.38542141734593627,0.4655270454299061,0.3858482994503203
315,0.4645321157714558,0.3859694094147632,0.47085447774811806,0.38541460460825666,0.4653470792481076,0.38586534087823426
316,0.46436042765305446,0.38599604582457514,0.47066849347716294,0.3854148658787986,0.46516739723380623,0.3858837379294213
317,0.46418906221288153,0.38603178825113854,0.47048553767873397,0.38541715290241807,0.464991562894033,0.3858996605763012
318,0.4640208121320067,0.38607044285786657,0.47030323184125844,0.385418674428556,0.4648169709980634,0.3859188432074812
319,0.46385401880366406,0.38610864742332374,0.4701228509104829,0.3854196117041371,0.46464438552295395,0.3859462002574989
320,0.46369032787650044,0.3861552017867022,0.4699436759195983,0.3854188869524548,0.46447501976907224,0.3859766149723722
321,0.463530795057168,0.3861813105170469,0.46976118006759954,0.3854248397718967,0.4643082817077223,0.3860127829725331
322,0.4633729438313531,0.38621252778039794,0.4695776646293653,0.38542927272376115,0.4641414306201107,0.3860502370925011
323,0.4632169003900674,0.3862456461838647,0.4693906010004521,0.3854297118776897,0.4639771238045944,0.3860875680627721
324,0.4630605691139015,0.38628138521221755,0.46920485297226466,0.38544129564114127,0.46381801635708697,0.3861197644574476
325,0.4628999243840465,0.38630866929552365,0.4690195005031583,0.3854620339754513,0.4636602598376644,0.38615878158988887
326,0.46274051544883166,0.3863390629514686,0.4688356774585921,0.3854820534268383,0.46350563718581367,0.38619831343258976
327,0.46258150760440436,0.38637099964982863,0.46865327655227956,0.3855024715710882,0.4633489563286202,0.3862254119632832
328,0.4624199300763709,0.38640363713366876,0.46847445703947693,0.3855183571549744,0.4631894618023738,0.38625268642276306
329,0.46226125738920765,0.3864386382577812,0.46829366882510604,0.38554019572357423,0.46302946428029046,0.38628192815697276
330,0.46210425369630664,0.38647449439424547,0.4681139990858454,0.38556194730326093,0.46287222734318295,0.3863122042479584
331,0.46194767711244417,0.38650965763737477,0.46793591326431405,0.38558460841132647,0.46271561131246636,0.3863442021334632
332,0.46179277754160536,0.3865476814952201,0.46775850659507073,0.3856076550548012,0.4625607215228872,0.3863777739532605
333,0.46164137744653666,0.38658636945683095,0.4675805317691981,0.3856290039946635,0.4624069050287236,0.3864132277245389
334,0.4614923825789433,0.38662064974236454,0.46740228857305766,0.38564932677089464,0.4622517870408066,0.38644348726600924
335,0.4613419972332217,0.3866468037075587,0.4672238383339195,0.38567000791035444,0.46209837501676343,0.386477569507709
336,0.4611915177486881,0.38667817568572577,0.4670462951443762,0.38569094069991394,0.46194608480907756,0.3865131455651101
337,0.46104118610421235,0.3867086831975028,0.4668702135711365,0.3857119259501139,0.46179469882981183,0.3865507296046449
338,0.46089190685944487,0.3867431363791225,0.4666954809295236,0.3857318369436018,0.4616454597970841,0.3865863309814862
339,0.46074533410073537,0.3867827035671455,0.4665226946258072,0.38575010227522694,0.461498843311039,0.38662927317662155
340,0.4606002157382748,0.3868200941499922,0.4663544729289693,0.38576117685360084,0.46135104292978363,0.3866574395242764
341,0.4604567578357109,0.38687917812108896,0.46618869706543575,0.3857773761639404,0.4612028278945402,0.38668899892784675
342,0.4603156027137876,0.3869350229242161,0.46602464446992603,0.3857986120254942,0.4610551135471735,0.3867182524953407
343,0.4601751178743271,0.3869918323117942,0.46586153102691014,0.3858183805482654,0.4609083462864256,0.3867586237447434
344,0.46003527602143923,0.3870448677503811,0.4656996973625563,0.3858384114139875,0.46076470793256324,0.3867992448834853
345,0.4598962763481014,0.3870953890497907,0.46553747166370685,0.3858620317494256,0.46062229756489026,0.3868588563663158
346,0.45975590565351127,0.38714616441829847,0.46537331925932496,0.3858777582295436,0.46048073147268914,0.3869162644492586
347,0.45961122420429634,0.38718194741085304,0.46521055486077284,0.3858949205522135,0.460340939885147,0.3869724280972077
348,0.45946933819117447,0.38721751962325707,0.46504991883953034,0.3859096902564603,0.4602024429167109,0.38702536203869853
349,0.4593279447119246,0.3872346974835865,0.46489087979062665,0.3859265757974921,0.4600649010551107,0.3870755121922123
350,0.45918707694885386,0.3872535190340982,0.4647330483140259,0.38595147266501756,0.45992758286160645,0.3871266191899192
351,0.459046905873949,0.3872746271118089,0.4645764734906925,0.3859770481615093,0.4597901405412657,0.3871745219443019
352,0.4589073478003107,0.3872999756903461,0.46442301682709863,0.38600244591311156,0.4596475801982733,0.38721128564782803
353,0.45876857596346843,0.387324999682446,0.46427143262157416,0.38603631245938314,0.4595095372058433,0.38723085665124946
354,0.4586323161039309,0.3873518851026683,0.4641197584334671,0.38607090116453774,0.45937166555260306,0.3872475479069252
355,0.45849656270928846,0.3874037081238534,0.46397067982666496,0.3861055666923844,0.45923189705167716,0.3872674395780217
356,0.4583635063713577,0.38745709624815133,0.4638254587345177,0.3861357162551391,0.45909362596902725,0.38729014207618057
357,0.4582296056078285,0.3874830999882583,0.46368181656505636,0.38617176244416646,0.4589558386641551,0.387314814667573
358,0.45809629572538596,0.3875376868632936,0.46354059011556004,0.38620687666296316,0.45881890632536976,0.3873387440765353
359,0.4579648413803115,0.38759088320668583,0.4633995660106339,0.3862420670609044,0.45868428807386846,0.38736520695141663
360,0.45783298374927345,0.3876171660614506,0.4632543941861306,0.3862655839087026,0.4585502268652443,0.387417442105812
361,0.4577011467339367,0.38766982368012176,0.46310832440471333,0.38628892524578273,0.4584185944744763,0.3874694354573256
362,0.45757068420834085,0.3877212500310197,0.46296366433560043,0.3863162337626797,0.4582865359795158,0.38749845237597297
363,0.45744071186886137,0.3877515436125575,0.46282074805792855,0.38634445404742235,0.45815494512797716,0.38755118978076786
364,0.4573090995346837,0.3878048265529287,0.4626789695268967,0.3863741965612825,0.45802522074595725,0.3876037900629443
365,0.4571787436292586,0.387859164583313,0.4625384917222384,0.3864054106488264,0.4578950294176054,0.387629983431888
366,0.4570500708003257,0.3878854097625539,0.46239620394202896,0.3864363337739921,0.457765020945271,0.38768354932682403
367,0.4569189981566122,0.38793832622834457,0.46225578156944347,0.3864653840791905,0.4576363437045359,0.3877364667289519
368,0.4567844180232361,0.3879901700091651,0.46211575390297693,0.3864926960900293,0.4575083063943333,0.3877663820927301
369,0.4566517381310721,0.3880464872279269,0.4619768648360008,0.3865247694530014,0.45737984925083347,0.38781893457447314
370,0.4565183412676174,0.38807776798174043,0.4618389077552735,0.38655833799025485,0.45725223940127474,0.3878706621698367
371,0.4563853613256051,0.38813261396777754,0.46170188078029306,0.3865904886124797,0.457125142588871,0.38789851255125274
372,0.4562549764116124,0.38818754726966104,0.4615672020819778,0.3866274474809123,0.4569961128254877,0.38794983964081897
373,0.4561258583861161,0.3882169628671177,0.4614329307164508,0.38666020477731067,0.45686527715255504,0.38800151505260533
374,0.4559952429597848,0.38826980002719613,0.461298254218199,0.38668798149182365,0.45673407887795875,0.3880526359253033
375,0.45586484063924126,0.38832326472561596,0.46116400352676085,0.38671462250479255,0.4566028091777665,0.388082114590131
376,0.4557363094590858,0.38837680983924994,0.46102966164298703,0.38674167105901347,0.4564714349658425,0.38813543417422036
377,0.4556091751177718,0.38840632457193136,0.4608960891387622,0.3867778977756189,0.45634153884943895,0.38818998583013364
378,0.45548188100240183,0.38846215242654825,0.4607658965649823,0.38683244007233697,0.4562139604426693,0.3882188955347523
379,0.4553540472169879,0.38851522164971497,0.4606363492986997,0.3868853657412757,0.4560854404203187,0.38827296213171203
380,0.4552273497046591,0.3885690046447031,0.4605073390001846,0.38693904277415614,0.45595714235329543,0.3883237383062684
381,0.45509840449108213,0.38860115061572265,0.4603795481833663,0.3869891494542393,0.4558296882854708,0.3883748969724278
382,0.454965605369192,0.3886675308002819,0.4602535138692349,0.38703588585934834,0.45570284591283694,0.3884035946217671
383,0.4548339214853015,0.3887304471652454,0.46012782185684614,0.38708251945892413,0.4555781435756971,0.3884573822284385
384,0.4547028050131525,0.38876802272853,0.460002612856159,0.3871266864630076,0.45545323596712395,0.3885124841215351
385,0.4545706911876126,0.38883060846193285,0.4598780144382148,0.3871725469926826,0.4553294097396795,0.38856715099365596
386,0.45443674111507953,0.38888906905772086,0.45975213270359794,0.38721751685730366,0.455203291603404,0.38859568099989733
387,0.45430432872918264,0.3889486852964575,0.4596231485537339,0.38725230946712796,0.4550745179593121,0.3886453851116235
388,0.45417161266036454,0.38898413135019205,0.45949786829213773,0.38726812556369,0.45494635022511254,0.38869611373480617
389,0.4540385664997562,0.38904447333361236,0.4593728214371605,0.3872850611580205,0.45481724266043644,0.38876074897153334
390,0.45390738524732493,0.3891065149238997,0.4592455682689645,0.3873024276205315,0.45468730467942636,0.38880187420128154
391,0.45378010524581336,0.389138503654746,0.4591198379514836,0.3873229542062679,0.4545564397762492,0.38886436296381954
392,0.45365237495672733,0.38919567956887163,0.4589943897483802,0.38734373085413615,0.4544234877407294,0.3889212078802613
393,0.4535256491906923,0.3892549881490385,0.45886935390418887,0.3873672829426626,0.45429270023172885,0.3889572956600569
394,0.45339990369469685,0.38931467954704024,0.458745009292782,0.38739095562801396,0.454161478095034,0.3890172398790488
395,0.45327439236289574,0.3893511517756732,0.4586230217749662,0.38741595580061006,0.45403184090926724,0.38907844029530253
396,0.45314708311214547,0.3894053175570153,0.45850140783454973,0.38746168571481365,0.4539048671075692,0.38911211730436174
397,0.4530206359956683,0.38945275732891393,0.45838160661119,0.3875096019374056,0.45377841922958606,0.3891690119998262
398,0.45289540601355127,0.38950189113363615,0.45826178886299723,0.3875335055905573,0.45365305821794605,0.3892271010939959
399,0.4527708275343984,0.3895272068636673,0.4581420971226155,0.3875828210709192,0.4535286525023409,0.38928618041564467
400,0.4526462248687929,0.38957499861562617,0.4580238730295676,0.38763096010997866,0.453405098210305,0.3893213163737596
401,0.4525236818328674,0.38962473080720333,0.4579054214485867,0.38765850000017704,0.4532807708322885,0.38938097514853826
402,0.45240487810313984,0.3896712808212508,0.45778702479961786,0.3877062479721202,0.4531558240452686,0.3894363411564136
403,0.45228962179920407,0.3896967904187525,0.4576698805284347,0.3877539939890314,0.45303162006601344,0.38948722902665806
404,0.4521737982400996,0.3897451521159937,0.4575530634233306,0.3877799713168805,0.45290777776002283,0.3895130129609419
405,0.4520588824043492,0.38979621547936905,0.45743602882217355,0.3878285142809143,0.4527842405711974,0.38956114816059884
406,0.45194637983509467,0.38984981257943185,0.45731968933069056,0.3878775693015829,0.4526613660686087,0.38960720157617335
407,0.45183598402847464,0.3899080739501391,0.45720463554051916,0.38790383202791,0.4525410221479642,0.38965658750462795
408,0.45172031258559775,0.3899265785962403,0.4570882980773677,0.38794956186627666,0.45242130912150813,0.3896833632614056
409,0.451604658261429,0.3899683392575708,0.456970995173526,0.3879955453853339,0.4523047658249397,0.38973361706630616
410,0.4514891732905804,0.39001046253792404,0.45685486160995686,0.38804162234088496,0.4521916859407079,0.38978092571826595
411,0.4513744175339714,0.3900515752120053,0.4567340636772726,0.3880655039085786,0.452079307393009,0.38983458045516844
412,0.4512606434075093,0.39007127404368747,0.4566142769339404,0.3881160765326297,0.45196850616335876,0.3898810645456793
413,0.4511481832186995,0.3901158084660815,0.4564954641674682,0.3881642706563939,0.4518589862869674,0.38991502488044055
414,0.45103697339684407,0.39016144056171526,0.45637746297278986,0.3881904225264101,0.45174482759346385,0.38995397919091623
415,0.45092883285945845,0.39020584735992025,0.45625855647255503,0.3882391889028,0.4516308440704451,0.38999269441344525
416,0.450820106531779,0.390238533257183,0.45614211312242564,0.3882883253917823,0.45151759831884053,0.3900315982230767
417,0.4507102918798831,0.39028796894771833,0.45602569915529934,0.3883366167026347,0.45140398431567424,0.39004932174929
418,0.4506016967817182,0.3903374491518534,0.45590937319893227,0.38836182819626847,0.451290568738038,0.39008964020387626
419,0.4504936316177608,0.39035408311588005,0.455793292777059,0.3884101406100842,0.4511796231273349,0.3901324042673402
420,0.45038479744541055,0.3904029251530683,0.45567766901586476,0.3884581351480238,0.45107002105861205,0.3901764284999995
421,0.4502757551644898,0.3904510550591774,0.4555651855549746,0.38850817332458637,0.4509620166826057,0.39019875782372354
422,0.4501683921853128,0.3904997960252478,0.455452126772059,0.3885353469877122,0.4508545320780681,0.39024491893183466
423,0.4500599680238443,0.39052645646857925,0.45533854002522756,0.38858540028500993,0.4507464993974574,0.39029214420255526
424,0.4499558901639937,0.39058376457624067,0.45522360127271067,0.38863317046955687,0.4506394807474882,0.390320161206522
425,0.4498571011930067,0.3906337771836932,0.4551099372671844,0.388660675337291,0.4505319597735914,0.3903711908057081
426,0.449757966490719,0.3906620866606554,0.45499348352797075,0.3887068758176676,0.45042462058301014,0.3904267040713977
427,0.44965857787951313,0.3907117045893744,0.4548769434315254,0.3887532408787348,0.4503182344616682,0.39047375664394257
428,0.44956029501293826,0.39076118914540986,0.4547585960935711,0.38881314337337153,0.45021125614439084,0.39049946642716765
429,0.4494618439005003,0.39078912024942447,0.4546409968544366,0.3888508928158526,0.4501041735974704,0.39054773394054354
430,0.4493638083944493,0.39083326936916596,0.45452137965614337,0.388908010958721,0.4499989823508401,0.39059534972944715
431,0.4492679494184905,0.39088655229485314,0.4543992512429034,0.3889596715397648,0.4499010115306402,0.3906048319060352
432,0.4491705544939188,0.39091782312153306,0.45428065245761795,0.3889939129832839,0.4498029858404199,0.39065419617057473
433,0.44907454007290504,0.39097254707416784,0.4541615153312764,0.3890497663726073,0.44970604916935353,0.3907028884272821
434,0.44897722258739226,0.39100395259653603,0.45404368239108517,0.38910480047084606,0.44960893294099197,0.39073000692571186
435,0.44888093403909396,0.3910593478622427,0.4539274540446385,0.38915746702730025,0.44951121706632285,0.3907788933398451
436,0.4487851148871628,0.39112065663863144,0.4538123324024145,0.3891885052527255,0.4494150402613402,0.39083300404701143
437,0.4486898779136162,0.39113772268847524,0.45369844627334377,0.38924116155459637,0.4493197735784562,0.3908522381316323
438,0.44859378879213213,0.39119848304432775,0.4535848565702845,0.38929508805604396,0.4492243813502586,0.39091314079818046
439,0.4484979178802423,0.3912530675910121,0.45347214198926905,0.38934702848480207,0.4491295965464925,0.3909452722584036
440,0.44840274896312493,0.39130707342949494,0.45335936785283953,0.3893784048332444,0.44903465921408686,0.39098509028271666
441,0.44830766832021685,0.39135160222167237,0.4532463020979417,0.3894299038952393,0.4489394854506146,0.3910253452558644
442,0.4482129502482196,0.3913838507173732,0.45313366609020894,0.3894814707093022,0.44884525361714067,0.3910702874224379
443,0.448117889467284,0.39144092570326194,0.45302116722806196,0.38950823361361925,0.4487505931082083,0.3911249475621332
444,0.4480232617468719,0.39150647613953954,0.4529078918108973,0.38955017378122264,0.4486562189602554,0.3911864104566714
445,0.447928453827148,0.3915498597218765,0.4527953858869764,0.3895938616040441,0.44856271277234255,0.3912028582129876
446,0.4478346899163456,0.3916156769819983,0.45268354178668707,0.38963590035214024,0.44846816982812043,0.39126562387047026
447,0.4477405155043381,0.3916517101661988,0.45257431841522316,0.38966091253320906,0.4483739473265482,0.39131870041609146
448,0.4476463397134706,0.3917110425274255,0.45246451652151126,0.3897032948406347,0.4482798908924654,0.391372633267722
449,0.44755256313788966,0.3917691145323459,0.4523553736395298,0.3897469214586311,0.44818640000731613,0.3914267809554572
450,0.4474586411773208,0.3918169714331708,0.45224972263147417,0.3897906242236745,0.44809340674071363,0.3914617797034175
451,0.44736490998194056,0.3918604914596312,0.4521474787618336,0.3898350084074253,0.44800014541827865,0.3915250983239871
452,0.44726940092490686,0.3919020711231574,0.45204605656091124,0.3898644889448639,0.44790720826027053,0.3915711060719233
453,0.44717333661922065,0.3919713604426726,0.45194440002096753,0.38990769409830267,0.44781405988085166,0.39162402321064865
454,0.4470770467239993,0.39202966763920116,0.4518448646976203,0.38995769422372495,0.44772205529813036,0.39168286438032773
455,0.4469834392108284,0.39207243029377886,0.45174081529061044,0.3899945562976854,0.4476294573934702,0.3917191479602591
456,0.44689162937686416,0.392134113333385,0.45163814113048356,0.39000953282535156,0.4475370663629424,0.3917828410790698
457,0.4468010735816452,0.3921750640585602,0.45153433510441754,0.39004469044006723,0.44744387280570114,0.3918240632615722
458,0.446709646975654,0.39223467203636087,0.45143080600277824,0.3900813212708999,0.4473511184534873,0.3918918662735922
459,0.44661872315751244,0.3922975722038046,0.45132753626371663,0.3901180930176024,0.44725737262315124,0.3919279813502302
460,0.44652772195808055,0.39235026686555297,0.4512251596642412,0.39013568865288273,0.4471636854888281,0.39198633797743965
461,0.4464365769339768,0.3924049428816314,0.45112450295872986,0.3901753228513686,0.4470715518599465,0.3920410728828738
462,0.4463468971869378,0.3924748053053739,0.4510240043455217,0.39020517820457556,0.44697944978384424,0.39207642989847125
463,0.44625779406935273,0.39250408294748684,0.4509261562008742,0.3902503541509287,0.44689005506820717,0.3921230065085599
464,0.4461682471596715,0.39257306218806653,0.45082904149702385,0.3902753287678745,0.4468000117768351,0.39218390270825754
465,0.44607881611666705,0.39262896322094265,0.4507303157074001,0.3903176374593158,0.4467110449648251,0.3922441848803227
466,0.445992710476076,0.39270923969712945,0.4506321541041052,0.39036039835887587,0.44662472582766705,0.3923246227451488
467,0.44590387343118915,0.3927433630172854,0.45053529895151784,0.39040993190639134,0.44653535223922386,0.3923463817083721
468,0.44581587694376285,0.39279840218719103,0.4504376686369543,0.3904325156949575,0.4464453796158683,0.3924021460268549
469,0.44572791767108744,0.3928554015440688,0.4503397920451343,0.39047504462726096,0.4463564637222306,0.392459701246127
470,0.4456368042680902,0.39288855219195123,0.45024276554468656,0.390518545643266,0.4462683265700207,0.3925041656169012
471,0.44554514352417973,0.3929560069134675,0.45014620335150746,0.3905424363537478,0.4461795646628926,0.39256082180468005
472,0.44545382345896856,0.3930098720987347,0.45004909377670616,0.39057809162353957,0.44609217226975584,0.3926377195042544
473,0.445364150751829,0.3930728388954397,0.4499550849824636,0.3906215027394732,0.4460046484845032,0.39268427869581
474,0.44527583432839474,0.3931255188526041,0.44986616686879205,0.39063995806703034,0.4459165843716273,0.392719772220045
475,0.44518442042524575,0.39318227903787034,0.44977697963966085,0.3906848848447682,0.4458296874112319,0.39278475582575295
476,0.4450931641190158,0.3932476054690341,0.4496884320482773,0.39072983033146397,0.44574229535851456,0.3928434294098842
477,0.4450002231261937,0.3933152920416085,0.44960058980867523,0.3907553365979157,0.44565288066967945,0.3929113301777442
478,0.44490033786131816,0.39335395868338613,0.44951233753942216,0.3908060765839556,0.4455635527072581,0.3929373204443494
479,0.44480055397536117,0.3934260164047634,0.4494237336442195,0.39083813027788805,0.4454737388759909,0.39300511789306125
480,0.4447025323390202,0.3934600375967405,0.4493374072854624,0.39086868767556265,0.44538472551902497,0.39305601840334015
481,0.44460295443991565,0.3935342636575951,0.4492498727462597,0.39090603455318845,0.4452976560832468,0.39311716499573884
482,0.44450520082532147,0.3935995943451608,0.4491650836179595,0.39096209421240113,0.4452083239246828,0.39317179707662514
483,0.44440619630209127,0.39365186058754104,0.4490785810814519,0.3909814950673008,0.44511868130470506,0.39323645517373584
484,0.44430798352389517,0.3937238789452533,0.44899194725622815,0.39103021897269197,0.44502807937437416,0.3932904901971824
485,0.4442089702226357,0.39377391511885823,0.4489061716073928,0.39106824816396807,0.4449316200862768,0.3933327770840189
486,0.4441096426962742,0.393851917857038,0.4488204371871595,0.3911050515419512,0.4448321170909053,0.39339589560019894
487,0.4440111353526081,0.39390255747867853,0.4487342173577905,0.3911546286256493,0.4447347671674084,0.3934673702541023
488,0.44391155045467323,0.39398318059306514,0.4486481351841405,0.39120483072687406,0.44463796280421,0.39350981064284807
489,0.443814271770556,0.394041460751028,0.4485620355605683,0.3912546755012886,0.44454117114245734,0.39357343663382016
490,0.44371569825083357,0.39411892733732035,0.4484767348754673,0.3913091043111352,0.444444567958282,0.3936173021232804
491,0.44361819720327966,0.39419768700399216,0.4483915909587646,0.3913242578850983,0.44434743329828874,0.3936893201021935
492,0.44351969992721946,0.39426283118698563,0.4483058786034815,0.3913802756118475,0.4442503302433232,0.3937464515549933
493,0.44342223578645523,0.3943432175571223,0.44822084749761376,0.3914196632485807,0.44415188344325734,0.39381778124354766
494,0.4433240693610493,0.3944077684206168,0.44813554010200407,0.39146966389244087,0.4440563809925143,0.39388679983780694
495,0.44322633396143496,0.39447786562405646,0.4480511096083696,0.39151950385930634,0.4439579235029411,0.3939365697586354
496,0.44313146300552325,0.39454574630164174,0.44796637091879116,0.39155723309607726,0.4438611232721529,0.39401611102338147
497,0.4430373187919018,0.394615368209907,0.4478817432528917,0.3915935836738672,0.44376393397541974,0.3940727746018509
498,0.4429475534904567,0.39469691253883155,0.4477969207237049,0.39165285740286027,0.4436671152045438,0.3941583812179318
499,0.4428577904768104,0.394749983423272,0.4477126296968056,0.3917050666613067,0.4435714583073879,0.3942067077366119
500,0.4427687789016438,0.394826905447527,0.44762891266212834,0.3917398352431736,0.4434755171680856,0.3942921039483605
