step,learning_rate,train_mse,smoothed_train_mse,validation_mse,loss_gradient,is_steepest_point
1,0.0001,1.0988853297947312,1.0988853297947312,0.9040757574509558,-0.001051041597308012,False
2,0.00010667920832097695,1.0988277794035644,1.0988558167736207,0.9040196807147973,-0.0010830485320667549,False
3,0.00011380453487990409,1.0987665035246075,1.098824506256876,0.9039598790935843,-0.0011495486001216193,False
4,0.00012140577684325176,1.0987011616824727,1.098791258620661,0.9038961728372503,-0.0012204420816495087,False
5,0.00012951472159231306,1.0986315847726653,1.0987559667566085,0.9038282380897272,-0.0012958025803619933,False
6,0.000138165279653797,1.0985573924363659,1.0987184869073297,0.9037557960620465,-0.001376320188207103,False
7,0.00014739362650913461,1.0984782807506714,1.0986786732091913,0.9036785498408093,-0.0014621518787159005,False
8,0.00015723835387552242,1.098393926086594,1.0986363730892394,0.9035961832448551,-0.0015535710624163812,False
9,0.00016774063109134367,1.0983039838732866,1.0985914253292228,0.9035083596145715,-0.0016509063041745264,False
10,0.00017894437728085594,1.0982080872905131,1.0985436589041275,0.9034147205305318,-0.0017545229572952792,False
11,0.00019089644501811944,1.0981058458859976,1.0984928920776174,0.9033148844580786,-0.0018648171108139877,False
12,0.00020364681625821888,1.0979968441142336,1.0984389315804903,0.903208445314415,-0.0019822138475440454,False
13,0.0002172488113551427,1.0978806397933198,1.098381571803942,0.9030949709547231,-0.002107167259435272,False
14,0.0002317593120403989,1.097756762476388,1.0983205939771636,0.9029740015738161,-0.002240161280390396,False
15,0.0002472389992948404,1.097624711734208,1.0982557653138307,0.90284504801983,-0.002381710952260363,False
16,0.00026375260710844155,1.097483955345627,1.0981868381186073,0.9027075904668312,-0.002532363952319372,False
17,0.0002813691931892225,1.0973339273925864,1.098113548847849,0.9025610791385414,-0.002692702301011707,False
18,0.00030016242775338277,1.097174026256606,1.098035617120204,0.9024049221732469,-0.0028633423987152185,False
19,0.0003202109016043334,1.0970036137794812,1.0979527447752482,0.9022385953336147,-0.003044684677689702,False
20,0.0003415984547889654,1.0968221938450926,1.0978646289435272,0.9020613628732519,-0.003237411987068839,False
21,0.000364414527205559,1.0966288964623412,1.0977709331161043,0.9018724973966166,-0.003442534307190215,False
22,0.00038875453262952154,1.0964229328284547,1.097671297703466,0.9016712495506038,-0.0036608616619382417,False
23,0.000414720257721088,1.0962034899723885,1.097565340706083,0.901456823616926,-0.0038933182331710725,False
24,0.00044242028768357196,1.0959696245312762,1.0974526506327889,0.9012282704458737,-0.00414090251615562,False
25,0.00047197046035222373,1.0957203912308902,1.0973327894089906,0.9009847917250048,-0.004404430553965,False
26,0.0005034943506126226,1.0954549174517192,1.0972052997148958,0.900725436153866,-0.0046847526768019065,False
27,0.0005371237871743898,1.0951721730163282,1.0970696957217336,0.9004491949117379,-0.004982914903820301,False
28,0.0005729994038612888,1.094871064754335,1.0969254613657282,0.9001549954049873,-0.005300031242182257,False
29,0.0006112712277231409,1.0945504286491956,1.096772048255948,0.8998417074304211,-0.005637266101199856,False
30,0.000652099306428963,1.0942090482493394,1.0966088749358924,0.8995081307471532,-0.005996172354556961,False
31,0.0006956543775649992,1.0938453309431557,1.0964353058059142,0.8991526237347853,-0.006378607943087644,False
32,0.0007421185826365618,1.0934576704243564,1.0962506550683582,0.8987744344241503,-0.006785597403993648,False
33,0.0007916862287595401,1.0930450929850628,1.096054229586011,0.8983720415935778,-0.007217748829198456,False
34,0.0008445646012268759,1.0926063138684818,1.0958453094110365,0.897943119879125,-0.007675692322422378,False
35,0.0009009748303480472,1.0921403281103936,1.0956231660198688,0.8974869691419021,-0.00816093652140637,False
36,0.0009611528161865628,1.0916449988081969,1.095386994740228,0.8970016720049673,-0.008676186411374687,False
37,0.0010253502150626012,1.0911180903986457,1.0951359151377462,0.8964853956434039,-0.009223677249273976,False
38,0.0010938354919462175,1.0905577126606036,1.0948689970090788,0.8959363356749525,-0.009805158417943716,False
39,0.0011668950431420883,1.0899619416938122,1.094585261675272,0.8953525219497038,-0.010422482902100683,False
40,0.0012448343939607035,1.0893286769873751,1.0942836748701608,0.8947315986244231,-0.011077676138647519,False
41,0.0013279794763845112,1.0886557105554833,1.0939631441671296,0.8940700794173772,-0.011772856704109103,False
42,0.0014166779920720515,1.087940722740999,1.0936225163216702,0.89336712741902,-0.012510109631300281,False
43,0.0015113008663999773,1.0871814075389177,1.0932605818126246,0.892620588249935,-0.013290787236964974,False
44,0.0016122437996235629,1.086376055226019,1.0928761114499603,0.8918283627896302,-0.014116213597489491,False
45,0.0017199289216424567,1.0855223189533962,1.0924678213529613,0.8909871027271504,-0.014989856166263138,False
46,0.0018348065572916887,1.084616249758554,1.0920342876009101,0.8900979038350264,-0.015912080086490477,False
47,0.001957357109540146,1.0836584509845524,1.0915742058068059,0.8891553312316279,-0.01688576130331043,False
48,0.0020880930684717873,1.0826423815800696,1.0910859905380943,0.8881551504115873,-0.017917325501485948,False
49,0.0022275611544508977,1.0815648385309486,1.0905679765440934,0.8870946989519497,-0.019010124513300752,False
50,0.0023763446044338323,1.0804220069808563,1.0900183901547946,0.8859691632063421,-0.02016768224356369,False
51,0.0025350656109882665,1.079210302990723,1.0894353682185438,0.8847770901995553,-0.021392949847268028,False
52,0.0027043879242196226,1.0779262951689517,1.0888169713297429,0.8835136154342085,-0.022688199202249848,False
53,0.0028850196274855956,1.0765669420218045,1.0881612087490593,0.8821754538914662,-0.024057264932395128,False
54,0.0030777160985064316,1.075127045999554,1.0874659257200732,0.8807561472676984,-0.02550575162120694,False
55,0.0032832831682539235,1.0736014744256106,1.0867288167524631,0.8792539773431203,-0.027032348213243296,False
56,0.003502580490829179,1.0719920068233182,1.0859478007181165,0.8776678480436974,-0.028631552763986434,False
57,0.003736525138421557,1.0702980750785238,1.0851208811135402,0.8759905491970458,-0.03031111402563269,False
58,0.003986095436382404,1.0685077585026816,1.0842455416440444,0.8742174137389631,-0.03208309964765732,False
59,0.004252335054451345,1.066615409711692,1.0833191080921525,0.8723405399678286,-0.03395326750417382,False
60,0.004536357371244084,1.0646150687966043,1.0823387408034515,0.870356578398471,-0.03592054182520599,False
61,0.0048393501302534695,1.062508082935607,1.081301825975242,0.8682635300656797,-0.0379775656923087,False
62,0.005162580406834569,1.0602953459603404,1.0802059371144732,0.866056749318198,-0.04012891960602971,False
63,0.005507399906944994,1.057965847243608,1.079048203179514,0.8637260015204596,-0.04238556116806791,False
64,0.005875250619799147,1.0555133415712534,1.0778255823031333,0.8612726780210341,-0.044743296049201575,False
65,0.006267670848075022,1.052942534973373,1.0765354389954185,0.8586995720216561,-0.047185423593937514,False
66,0.006686301640891095,1.050261031489675,1.075175669290738,0.8559834294301125,-0.04973225672671333,False
67,0.007132893656455119,1.0474343899991452,1.0737424969341156,0.8531259900985024,-0.05240572042569269,False
68,0.007609314483083514,1.0444672587620656,1.072232586662614,0.850120761777415,-0.05519219001195097,False
69,0.008117556449206932,1.041362530844001,1.0706429273773415,0.8469699647383321,-0.05808596601715976,False
70,0.008659744955022362,1.0381170899636256,1.0689705038950408,0.8436558051707369,-0.06110160376258733,False
71,0.009238147360633607,1.0347120629272069,1.0672114876962637,0.8401800140885053,-0.0642530184041874,False
72,0.00985518246784917,1.0311441687666585,1.0653620821286034,0.8365335221471417,-0.06754482025886688,False
73,0.010513430635289213,1.0274038742513425,1.0634181997592056,0.8327153976259568,-0.07098728457630799,False
74,0.011215644569101589,1.02348142741344,1.0613754668820778,0.8287578666794313,-0.07459846913776857,False
75,0.011964760834412235,1.019358133621932,1.0592287819471689,0.824589325918033,-0.07838883517835171,False
76,0.012763912135649287,1.015031532868675,1.0569731837500407,0.8202090771338966,-0.08235053355682709,False
77,0.013616440417095775,1.010502473656367,1.0546040115450235,0.8156146230041259,-0.08647158723575643,False
78,0.014525910838455305,1.0057735497352938,1.0521169767529304,0.810804615924555,-0.09073404241604521,False
79,0.01549612668387512,1.0008529519625047,1.0495084269056942,0.8057613085547014,-0.09514444219565021,False
80,0.01653114526677364,0.9957173069262495,1.0467737059665738,0.800471276267453,-0.09973383134510527,False
81,0.017635294896984788,0.9903473653233166,1.0439074180065946,0.7949061365720897,-0.10452211324299299,False
82,0.018813192981173017,0.9847302316242718,1.0409037892238693,0.7890818036853287,-0.10950020680671813,False
83,0.020069765332213,0.978877576383759,1.0377579336791003,0.7829845586255162,-0.11467511371566985,False
84,0.021410266768282716,0.9727592239240511,1.03446368435911,0.7766175646746392,-0.12005723266519297,False
85,0.022840303087813242,0.9663827121086691,1.0310155713383595,0.76997701046126,-0.12567629089113552,False
86,0.02436585451219082,0.9596957928584597,1.027405758134945,0.7629706657816373,-0.13161887216401524,False
87,0.025993300694246234,0.9526411851500801,1.0236239123161646,0.7556132301328543,-0.13788775076452708,False
88,0.027729447397112885,0.9452546735170739,1.0196620415977096,0.7479427715501077,-0.14441250742248712,False
89,0.029581554955021808,0.9375601462582333,1.015513768262681,0.7399551636525541,-0.1511902377949177,False
90,0.03155736863505199,0.9295224711668624,1.011171263133418,0.7316010838385829,-0.15828311892226665,False
91,0.03366515102680579,0.9210933451681745,1.00662465665728,0.7229235437924576,-0.16569492702569733,False
92,0.03591371659545766,0.9122990404720283,1.0018659075856575,0.7138835391916852,-0.17345312011635983,False
93,0.03831246854267359,0.9030646455850506,0.9968836043358602,0.7044880590302555,-0.18161158609235173,False
94,0.040871438129547515,0.8933854607320592,0.9916666793381932,0.6947205831952521,-0.19029181619622904,False
95,0.04360132662599924,0.8831080876161364,0.9861968981142485,0.6845298835195823,-0.1996198597903458,False
96,0.046513550062059324,0.872215798871847,0.9804561142165754,0.6739588160051181,-0.2095872501554723,False
97,0.04962028696818617,0.8606979331179393,0.9744265686540615,0.6630038133519799,-0.22005402793714168,False
98,0.05293452930425795,0.8486850259013612,0.9680979750361624,0.6516451787681294,-0.23081627590764597,False
99,0.05647013679021794,0.8362458732379415,0.961464026275214,0.64001036228165,-0.24197417377094865,False
100,0.0602418948655773,0.8231832706380197,0.954508809931759,0.6281357215323212,-0.2536779552811623,False
101,0.06426557652015312,0.8095044390528554,0.9472175818553794,0.6159936022901094,-0.26567552290091356,False
102,0.06855800825461107,0.7954529673749183,0.9395885872954509,0.6037774452814593,-0.27790585393682576,False
103,0.07313714044664911,0.7808369762257026,0.9316105091096635,0.5914745314097283,-0.2907087647953901,False
104,0.07802212241708638,0.7654556316126667,0.9232625086047501,0.5793511190466313,-0.30392828452171017,False
105,0.08323338250977123,0.7496518985495414,0.9145420278998747,0.5673214303209078,-0.3173465506631672,False
106,0.08879271352019455,0.7333029615536372,0.9054404633630259,0.5553970073783553,-0.33099116943362006,False
107,0.0947233638300566,0.7164897962151542,0.8959537067603193,0.5434562580346008,-0.34464348128178734,False
108,0.10105013462890311,0.6993634692904149,0.8860854342857165,0.5316208132623352,-0.3583746144297155,False
109,0.10779948362939522,0.6816931400322884,0.8758275431751004,0.5200957058838105,-0.3717159276055515,False
110,0.1149996357099401,0.664229993681477,0.8652100283138796,0.5087464288253084,-0.3838508225413779,False
111,0.12268070094737159,0.6471591856118969,0.8542706467440231,0.4973320705270011,-0.3947279440985483,False
112,0.1308748005332814,0.6304217004847518,0.8430422774333477,0.48602816748591,-0.40403145283560704,False
113,0.13961620110056233,0.6145017362537091,0.8315804148304625,0.4745158333209834,-0.4117079750808621,False
114,0.14894145802190314,0.5990641120267267,0.8199209353455369,0.4630359704939833,-0.4179580186626577,False
115,0.1588895682794865,0.5843117252344733,0.8081080729941286,0.45145529378871574,-0.42270554042437425,False
116,0.1695021335451745,0.5702076442911757,0.7961819747372434,0.44021093190893873,-0.42596004529675113,False
117,0.18082353415315724,0.5568631982609028,0.7841863407976338,0.42929963365740087,-0.4277005823818598,False
118,0.1929011146925997,0.5442749535786789,0.7721624947296856,0.4189068270461228,-0.4280230247496011,True
119,0.20578538199640514,0.5324244574186244,0.7601487525659479,0.409050810361363,-0.42707941204468014,False
120,0.21953021635406345,0.5212398339388629,0.7481778993800164,0.4001666513879374,-0.4248024817944316,False
121,0.23419309683184275,0.5109397953232956,0.7362920286358592,0.39348280772005706,-0.4206641657592982,False
122,0.24983534164258905,0.5019727832629822,0.7245535814913627,0.38911363368263996,-0.4142668602442914,False
123,0.2665223645703221,0.4944410675516941,0.7130269806623041,0.38637623678333727,-0.40587059469731557,False
124,0.2843239485219678,0.4880781997474198,0.7017600641650669,0.3848983070086428,-0.3958948678237242,False
125,0.3033145373501773,0.4827928976640304,0.6907936958492931,0.38489459116435343,-0.38472205088032574,False
126,0.32357354716760345,0.47833656638806754,0.680154239926707,0.3864564349798044,-0.37299660153124137,False
127,0.34518569845450225,0.47430235732304576,0.6698463677828383,0.3850124718313976,-0.3610996327352005,False
128,0.3682413703484982,0.4707006266769226,0.6598750404902288,0.38955088901946494,-0.34911060432619756,False
129,0.39283697859809463,0.46744132605523203,0.6502404670044456,0.38365332827888327,-0.3366652990783656,False
130,0.419075378760493,0.46502804332433745,0.6409680626801512,0.4074039807418099,-0.3195041882740721,False
131,0.44706629632982997,0.467761158807629,0.632297249766251,0.40357433423635497,-0.2660998881637262,False
132,0.4769267855945754,0.5069763043437565,0.6260240078739423,0.8610639822233398,0.07646182510945998,False
133,0.5087817191429768,0.8371398392144493,0.6365913128449832,2.2927629473930975,1.8607828339418262,False
134,0.542764310063584,2.5133158968038347,0.7305247682642264,2.2991605388262855,3.037360537782533,False
135,0.5790166690246447,2.2618855112685674,0.8071681689874789,0.84424476166084,1.5790155407514295,False
136,0.6176903985619823,1.0476119548798515,0.8192015991478471,0.7566816866179159,0.2649648615242608,False
137,0.6589472270606105,0.8760887117968038,0.8220484811877672,0.5695373199992348,-0.09831039550580734,False
138,0.7029596850812897,0.6548305466401532,0.8136805297907834,0.5387339093223292,-0.3550524033681075,False
139,0.7499118268603533,0.582433120511302,0.8021088915410983,0.8766640112891556,0.04010780178528961,False
140,0.8,1.0783800293862653,0.8159329666188179,3.732501136140146,0.49231415166114284,False
